Species,Station,Date,Time,ImageQuality,DeleteFlag,Weather,Water,Animal,Temperature,FalseTrigger
African Wild Cat,NPR2,01-Apr-18,15:47:55,Ok,FALSE,Shade,FALSE,TRUE,31,FALSE
African Wild Cat,NPR2,30-Apr-18,16:39:01,Dark,FALSE,Shade,FALSE,TRUE,21,FALSE
Baboon,NPR2,25-Nov-17,9:20:58,Ok,FALSE,Sunny,FALSE,TRUE,22,FALSE
Baboon,NPR2,04-Dec-17,5:47:23,Ok,FALSE,Shade,FALSE,TRUE,15,FALSE
Baboon,NPR2,06-Dec-17,13:16:29,Ok,FALSE,Sunny,FALSE,TRUE,36,FALSE
Baboon,NPR2,06-Dec-17,16:20:57,Ok,FALSE,Sunny,FALSE,TRUE,43,FALSE
Baboon,NPR2,07-Dec-17,9:32:56,Ok,FALSE,Sunny,FALSE,TRUE,31,FALSE
Baboon,NPR2,11-Dec-17,11:46:32,Ok,FALSE,Sunny,FALSE,TRUE,31,FALSE
Baboon,NPR2,14-Dec-17,14:40:29,Ok,FALSE,Sunny,FALSE,TRUE,35,FALSE
Baboon,NPR2,16-Dec-17,8:00:01,Ok,FALSE,Sunny,FALSE,TRUE,22,FALSE
Baboon,NPR2,16-Dec-17,8:00:42,Ok,FALSE,Sunny,FALSE,TRUE,22,FALSE
Baboon,NPR2,18-Dec-17,16:55:40,Ok,FALSE,Shade,FALSE,TRUE,27,FALSE
Baboon,NPR2,19-Dec-17,10:26:49,Ok,FALSE,Sunny,FALSE,TRUE,25,FALSE
Baboon,NPR2,20-Dec-17,9:45:01,Ok,FALSE,Sunny,FALSE,TRUE,26,FALSE
Baboon,NPR2,20-Dec-17,10:20:26,Ok,FALSE,Sunny,FALSE,TRUE,27,FALSE
Baboon,NPR2,24-Dec-17,9:15:35,Ok,FALSE,Sunny,FALSE,TRUE,26,FALSE
Baboon,NPR2,25-Dec-17,6:39:57,Ok,FALSE,Shade,FALSE,TRUE,15,FALSE
Baboon,NPR2,25-Dec-17,7:14:45,Dark,FALSE,Shade,FALSE,TRUE,15,FALSE
Baboon,NPR2,29-Dec-17,8:02:44,Ok,FALSE,Sunny,FALSE,TRUE,22,FALSE
Baboon,NPR2,31-Dec-17,13:46:58,Ok,FALSE,Sunny,FALSE,TRUE,46,FALSE
Baboon,NPR2,04-Jan-18,11:23:09,Ok,FALSE,Sunny,FALSE,TRUE,41,FALSE
Baboon,NPR2,05-Jan-18,6:21:26,Dark,FALSE,Shade,FALSE,TRUE,17,FALSE
Baboon,NPR2,05-Jan-18,7:22:30,Ok,FALSE,Sunny,FALSE,TRUE,22,FALSE
Baboon,NPR2,05-Jan-18,9:00:02,Ok,FALSE,Sunny,FALSE,TRUE,26,FALSE
Baboon,NPR2,05-Jan-18,9:06:06,Ok,FALSE,Sunny,FALSE,TRUE,26,FALSE
Baboon,NPR2,05-Jan-18,10:00:01,Ok,FALSE,Sunny,FALSE,TRUE,30,FALSE
Baboon,NPR2,05-Jan-18,10:00:15,Ok,FALSE,Sunny,FALSE,TRUE,30,FALSE
Baboon,NPR2,06-Jan-18,14:35:20,Ok,FALSE,Sunny,FALSE,TRUE,42,FALSE
Baboon,NPR2,06-Jan-18,15:00:01,Ok,FALSE,Sunny,FALSE,TRUE,42,FALSE
Baboon,NPR2,06-Jan-18,15:00:17,Ok,FALSE,Sunny,FALSE,TRUE,42,FALSE
Baboon,NPR2,07-Jan-18,14:49:13,Ok,FALSE,Sunny,FALSE,TRUE,46,FALSE
Baboon,NPR2,12-Jan-18,11:08:33,Ok,FALSE,Sunny,FALSE,TRUE,37,FALSE
Baboon,NPR2,13-Jan-18,7:28:04,Ok,FALSE,Sunny,FALSE,TRUE,21,FALSE
Baboon,NPR2,16-Jan-18,7:08:28,Ok,FALSE,Sunny,FALSE,TRUE,15,FALSE
Baboon,NPR2,18-Jan-18,9:47:26,Ok,FALSE,Sunny,FALSE,TRUE,30,FALSE
Baboon,NPR2,18-Jan-18,10:00:03,Ok,FALSE,Sunny,FALSE,TRUE,30,FALSE
Baboon,NPR2,18-Jan-18,10:00:15,Ok,FALSE,Sunny,FALSE,TRUE,30,FALSE
Baboon,NPR2,22-Jan-18,7:46:16,Ok,FALSE,Shade,FALSE,TRUE,23,FALSE
Baboon,NPR2,22-Jan-18,11:15:03,Ok,FALSE,Sunny,FALSE,TRUE,36,FALSE
Baboon,NPR2,28-Jan-18,7:16:56,Ok,FALSE,Shade,TRUE,TRUE,20,FALSE
Baboon,NPR2,28-Jan-18,12:26:20,Ok,FALSE,Sunny,TRUE,TRUE,35,FALSE
Baboon,NPR2,28-Jan-18,13:00:02,Ok,FALSE,Sunny,TRUE,TRUE,37,FALSE
Baboon,NPR2,28-Jan-18,13:00:21,Ok,FALSE,Sunny,TRUE,TRUE,37,FALSE
Baboon,NPR2,04-Feb-18,7:55:06,Ok,FALSE,Sunny,FALSE,TRUE,16,FALSE
Baboon,NPR2,05-Feb-18,9:08:45,Ok,FALSE,Sunny,FALSE,TRUE,23,FALSE
Baboon,NPR2,05-Feb-18,12:34:05,Ok,FALSE,Sunny,FALSE,TRUE,38,FALSE
Baboon,NPR2,07-Feb-18,9:31:12,Ok,FALSE,Sunny,FALSE,TRUE,26,FALSE
Baboon,NPR2,07-Feb-18,10:11:49,Ok,FALSE,Sunny,FALSE,TRUE,26,FALSE
Baboon,NPR2,10-Feb-18,6:36:02,Ok,FALSE,Shade,FALSE,TRUE,17,FALSE
Baboon,NPR2,11-Feb-18,17:27:31,Dark,FALSE,Shade,FALSE,TRUE,38,FALSE
Baboon,NPR2,12-Feb-18,10:04:31,Ok,FALSE,Sunny,FALSE,TRUE,26,FALSE
Baboon,NPR2,13-Feb-18,15:40:13,Ok,FALSE,Sunny,FALSE,TRUE,36,FALSE
Baboon,NPR2,17-Feb-18,7:33:20,Ok,FALSE,Shade,FALSE,TRUE,20,FALSE
Baboon,NPR2,17-Feb-18,8:05:45,Ok,FALSE,Sunny,FALSE,TRUE,21,FALSE
Baboon,NPR2,21-Feb-18,8:14:17,Ok,FALSE,Sunny,FALSE,TRUE,21,FALSE
Baboon,NPR2,22-Feb-18,7:35:32,Ok,FALSE,Sunny,FALSE,TRUE,16,FALSE
Baboon,NPR2,22-Feb-18,15:08:57,Ok,FALSE,Sunny,FALSE,TRUE,43,FALSE
Baboon,NPR2,23-Feb-18,14:11:59,Ok,FALSE,Sunny,FALSE,TRUE,42,FALSE
Baboon,NPR2,23-Feb-18,15:38:41,Ok,FALSE,Sunny,FALSE,TRUE,38,FALSE
Baboon,NPR2,27-Feb-18,7:20:36,Ok,FALSE,Shade,FALSE,TRUE,11,FALSE
Baboon,NPR2,27-Feb-18,8:14:17,Ok,FALSE,Sunny,FALSE,TRUE,15,FALSE
Baboon,NPR2,27-Feb-18,9:06:35,Ok,FALSE,Sunny,FALSE,TRUE,22,FALSE
Baboon,NPR2,01-Mar-18,11:03:10,Ok,FALSE,Sunny,FALSE,TRUE,27,FALSE
Baboon,NPR2,04-Mar-18,8:02:37,Ok,FALSE,Shade,FALSE,TRUE,13,FALSE
Baboon,NPR2,07-Mar-18,11:44:26,Ok,FALSE,Shade,FALSE,TRUE,31,FALSE
Baboon,NPR2,09-Mar-18,7:27:52,Ok,FALSE,Shade,FALSE,TRUE,10,FALSE
Baboon,NPR2,09-Mar-18,9:02:13,Ok,FALSE,Sunny,FALSE,TRUE,17,FALSE
Baboon,NPR2,11-Mar-18,7:29:16,Ok,FALSE,Shade,FALSE,TRUE,13,FALSE
Baboon,NPR2,13-Mar-18,6:36:14,Dark,FALSE,Shade,FALSE,TRUE,12,FALSE
Baboon,NPR2,13-Mar-18,7:59:30,Ok,FALSE,Sunny,FALSE,TRUE,20,FALSE
Baboon,NPR2,19-Mar-18,7:25:04,Ok,FALSE,Shade,FALSE,TRUE,10,FALSE
Baboon,NPR2,19-Mar-18,10:14:23,Ok,FALSE,Sunny,FALSE,TRUE,23,FALSE
Baboon,NPR2,19-Mar-18,14:06:15,Ok,FALSE,Sunny,FALSE,TRUE,35,FALSE
Baboon,NPR2,20-Mar-18,10:36:19,Ok,FALSE,Sunny,FALSE,TRUE,22,FALSE
Baboon,NPR2,23-Mar-18,9:28:21,Ok,FALSE,Sunny,FALSE,TRUE,21,FALSE
Baboon,NPR2,27-Mar-18,9:38:57,Ok,FALSE,Sunny,FALSE,TRUE,20,FALSE
Baboon,NPR2,28-Mar-18,7:16:07,Ok,FALSE,Shade,FALSE,TRUE,11,FALSE
Baboon,NPR2,31-Mar-18,12:52:40,Ok,FALSE,Sunny,FALSE,TRUE,26,FALSE
Baboon,NPR2,04-Apr-18,8:10:35,Ok,FALSE,Shade,FALSE,TRUE,16,FALSE
Baboon,NPR2,05-Apr-18,9:37:30,Ok,FALSE,Sunny,FALSE,TRUE,20,FALSE
Baboon,NPR2,10-Apr-18,9:41:12,Ok,FALSE,Shade,FALSE,TRUE,15,FALSE
Baboon,NPR2,23-Apr-18,11:06:59,Ok,FALSE,Sunny,FALSE,TRUE,25,FALSE
Baboon,NPR2,25-Apr-18,10:20:43,Ok,FALSE,Sunny,FALSE,TRUE,16,FALSE
Baboon,NPR2,26-Apr-18,10:16:21,Ok,FALSE,Sunny,FALSE,TRUE,16,FALSE
Baboon,NPR2,01-May-18,10:55:22,Ok,FALSE,Sunny,FALSE,TRUE,22,FALSE
Baboon,NPR2,09-May-18,11:17:58,Ok,FALSE,Sunny,FALSE,TRUE,17,FALSE
Baboon,NPR2,09-May-18,12:51:14,Ok,FALSE,Sunny,FALSE,TRUE,23,FALSE
Baboon,NPR2,17-May-18,12:41:03,Ok,FALSE,Sunny,FALSE,TRUE,26,FALSE
Baboon,NPR2,21-May-18,10:36:02,Ok,FALSE,Sunny,FALSE,TRUE,21,FALSE
Baboon,NPR2,21-May-18,15:29:43,Ok,FALSE,Shade,FALSE,TRUE,20,FALSE
Baboon,NPR2,26-May-18,10:42:27,Ok,FALSE,Sunny,FALSE,TRUE,12,FALSE
Baboon,NPR2,26-May-18,12:39:23,Ok,FALSE,Sunny,FALSE,TRUE,20,FALSE
Baboon,NPR2,26-May-18,13:00:01,Ok,FALSE,Sunny,FALSE,TRUE,21,FALSE
Baboon,NPR2,27-May-18,15:00:02,Ok,FALSE,Shade,FALSE,TRUE,21,FALSE
Baboon,NPR2,27-May-18,15:00:22,Ok,FALSE,Shade,FALSE,TRUE,21,FALSE
Baboon,NPR2,16-Jun-18,12:16:08,Ok,FALSE,Sunny,FALSE,TRUE,20,FALSE
Baboon,NPR2,20-Jun-18,12:24:27,Ok,FALSE,Sunny,FALSE,TRUE,20,FALSE
Cattle,NPR2,21-Dec-17,7:02:02,Ok,FALSE,Sunny,FALSE,TRUE,20,FALSE
Cattle,NPR2,26-Dec-17,6:00:01,Dark,FALSE,Shade,FALSE,TRUE,6,FALSE
Cattle,NPR2,26-Dec-17,6:02:23,Ok,FALSE,Shade,FALSE,TRUE,6,FALSE
Cattle,NPR2,30-Dec-17,7:01:52,Ok,FALSE,Sunny,FALSE,TRUE,20,FALSE
Cattle,NPR2,02-Jan-18,9:24:27,Ok,FALSE,Sunny,FALSE,TRUE,23,FALSE
Cattle,NPR2,10-Jan-18,20:10:49,Dark,FALSE,Dark,FALSE,TRUE,23,FALSE
Cattle,NPR2,11-Jan-18,5:00:03,Dark,FALSE,Dark,FALSE,TRUE,12,FALSE
Cattle,NPR2,18-Jan-18,19:55:03,Dark,FALSE,Dark,FALSE,TRUE,23,FALSE
Cattle,NPR2,28-Jan-18,13:00:22,Ok,FALSE,Sunny,TRUE,TRUE,37,FALSE
Cattle,NPR2,28-Jan-18,8:00:02,Ok,FALSE,Shade,TRUE,TRUE,21,FALSE
Cattle,NPR2,28-Jan-18,8:00:16,Ok,FALSE,Shade,TRUE,TRUE,21,FALSE
Cattle,NPR2,28-Jan-18,11:20:56,Ok,FALSE,Sunny,TRUE,TRUE,30,FALSE
Cattle,NPR2,29-Jan-18,10:01:47,Ok,FALSE,Sunny,TRUE,TRUE,31,FALSE
Cattle,NPR2,29-Jan-18,13:08:51,Ok,FALSE,Sunny,TRUE,TRUE,45,FALSE
Cattle,NPR2,30-Jan-18,10:21:04,Ok,FALSE,Sunny,FALSE,TRUE,30,FALSE
Cattle,NPR2,02-Feb-18,10:53:42,Ok,FALSE,Sunny,FALSE,TRUE,27,FALSE
Cattle,NPR2,02-Feb-18,11:01:34,Ok,FALSE,Sunny,FALSE,TRUE,27,FALSE
Cattle,NPR2,06-Feb-18,7:14:44,Ok,FALSE,Shade,FALSE,TRUE,21,FALSE
Cattle,NPR2,06-Feb-18,8:42:18,Ok,FALSE,Shade,FALSE,TRUE,22,FALSE
Cattle,NPR2,07-Feb-18,13:26:25,Ok,FALSE,Sunny,FALSE,TRUE,38,FALSE
Cattle,NPR2,09-Feb-18,8:00:02,Ok,FALSE,Sunny,FALSE,TRUE,23,FALSE
Cattle,NPR2,09-Feb-18,8:03:05,Ok,FALSE,Sunny,FALSE,TRUE,25,FALSE
Cattle,NPR2,09-Feb-18,9:05:47,Ok,FALSE,Sunny,FALSE,TRUE,27,FALSE
Cattle,NPR2,09-Feb-18,10:04:14,Ok,FALSE,Sunny,FALSE,TRUE,31,FALSE
Cattle,NPR2,10-Feb-18,13:32:01,Ok,FALSE,Sunny,FALSE,TRUE,36,FALSE
Cattle,NPR2,11-Feb-18,6:29:26,Ok,FALSE,Shade,FALSE,TRUE,15,FALSE
Cattle,NPR2,13-Feb-18,11:02:00,Ok,FALSE,Sunny,FALSE,TRUE,31,FALSE
Eland,NPR2,03-Mar-18,2:52:45,Dark,FALSE,Dark,FALSE,TRUE,13,FALSE
Jackal,NPR2,08-Dec-17,6:22:46,Ok,FALSE,Shade,FALSE,TRUE,17,FALSE
Jackal,NPR2,13-Feb-18,6:33:13,Dark,FALSE,Shade,FALSE,TRUE,15,FALSE
Jackal,NPR2,14-Feb-18,6:56:31,Ok,FALSE,Shade,FALSE,TRUE,20,FALSE
Jackal,NPR2,15-Feb-18,21:53:27,Dark,FALSE,Dark,FALSE,TRUE,20,FALSE
Jackal,NPR2,27-Mar-18,8:42:36,Ok,FALSE,Sunny,FALSE,TRUE,15,FALSE
Jackal,NPR2,02-Jun-18,15:19:09,Ok,FALSE,Shade,FALSE,TRUE,21,FALSE
Jackal,NPR2,18-Jun-18,21:35:45,Dark,FALSE,Dark,FALSE,TRUE,7,FALSE
Kudu,NPR2,17-Jan-18,12:11:15,Ok,FALSE,Sunny,FALSE,TRUE,33,FALSE
Kudu,NPR2,20-Jan-18,19:46:49,Dark,FALSE,Shade,FALSE,TRUE,20,FALSE
Kudu,NPR2,08-Feb-18,5:55:00,Ok,FALSE,Shade,FALSE,TRUE,15,FALSE
Kudu,NPR2,08-Feb-18,6:00:02,Ok,FALSE,Shade,FALSE,TRUE,15,FALSE
Kudu,NPR2,08-Feb-18,6:01:55,Ok,FALSE,Shade,FALSE,TRUE,15,FALSE
Kudu,NPR2,08-Mar-18,1:56:25,Dark,FALSE,Dark,FALSE,TRUE,15,FALSE
Kudu,NPR2,21-Mar-18,18:39:08,Dark,FALSE,Dark,FALSE,TRUE,17,FALSE
Kudu,NPR2,03-May-18,21:48:06,Dark,FALSE,Dark,FALSE,TRUE,8,FALSE
Kudu,NPR2,05-May-18,22:19:44,Dark,FALSE,Dark,FALSE,TRUE,12,FALSE
Kudu,NPR2,10-May-18,6:52:24,Ok,FALSE,Shade,FALSE,TRUE,2,FALSE
Kudu,NPR2,14-May-18,13:05:43,Ok,FALSE,Sunny,FALSE,TRUE,23,FALSE
Kudu,NPR2,15-May-18,15:24:13,Ok,FALSE,Shade,FALSE,TRUE,25,FALSE
Kudu,NPR2,20-May-18,0:38:56,Dark,FALSE,Dark,FALSE,TRUE,13,FALSE
Kudu,NPR2,27-May-18,17:37:10,Dark,FALSE,Dark,FALSE,TRUE,15,FALSE
Kudu,NPR2,29-May-18,20:04:46,Dark,FALSE,Dark,FALSE,TRUE,5,FALSE
Kudu,NPR2,05-Jun-18,19:32:09,Dark,FALSE,Dark,FALSE,TRUE,12,FALSE
Oryx,NPR2,23-Apr-18,17:47:15,Ok,FALSE,Shade,FALSE,TRUE,22,FALSE
Oryx,NPR2,04-May-18,0:21:53,Dark,FALSE,Dark,FALSE,TRUE,5,FALSE
Oryx,NPR2,29-May-18,0:10:50,Dark,FALSE,Dark,FALSE,TRUE,10,FALSE
Oryx,NPR2,29-May-18,1:00:02,Dark,FALSE,Dark,FALSE,TRUE,10,FALSE
Oryx,NPR2,29-May-18,1:00:42,Dark,FALSE,Dark,FALSE,TRUE,10,FALSE
Oryx,NPR2,30-May-18,18:24:23,Dark,FALSE,Dark,FALSE,TRUE,12,FALSE
Oryx,NPR2,31-May-18,22:43:24,Dark,FALSE,Dark,FALSE,TRUE,12,FALSE
Oryx,NPR2,12-Jun-18,18:00:02,Dark,FALSE,Dark,FALSE,TRUE,17,FALSE
Oryx,NPR2,12-Jun-18,18:00:54,Dark,FALSE,Dark,FALSE,TRUE,17,FALSE
Oryx,NPR2,12-Jun-18,19:00:01,Dark,FALSE,Dark,FALSE,TRUE,16,FALSE
Oryx,NPR2,12-Jun-18,19:46:36,Dark,FALSE,Dark,FALSE,TRUE,16,FALSE
Oryx,NPR2,12-Jun-18,21:05:25,Dark,FALSE,Dark,FALSE,TRUE,15,FALSE
Oryx,NPR2,14-Jun-18,6:22:56,Dark,FALSE,Dark,FALSE,TRUE,15,FALSE
Oryx,NPR2,16-Jun-18,0:05:56,Dark,FALSE,Dark,FALSE,TRUE,6,FALSE
Oryx,NPR2,16-Jun-18,3:56:28,Dark,FALSE,Dark,FALSE,TRUE,7,FALSE
Oryx,NPR2,16-Jun-18,4:21:12,Dark,FALSE,Dark,FALSE,TRUE,7,FALSE
Steenbok,NPR2,03-Dec-17,5:12:00,Dark,FALSE,Shade,FALSE,TRUE,10,FALSE
Steenbok,NPR2,06-Dec-17,5:36:18,Dark,FALSE,Shade,FALSE,TRUE,10,FALSE
Steenbok,NPR2,14-Dec-17,18:33:21,Dark,FALSE,Shade,FALSE,TRUE,26,FALSE
Steenbok,NPR2,14-Dec-17,20:43:01,Dark,FALSE,Dark,FALSE,TRUE,15,FALSE
Steenbok,NPR2,16-Dec-17,4:37:11,Dark,FALSE,Dark,FALSE,TRUE,11,FALSE
Steenbok,NPR2,22-Dec-17,19:55:08,Dark,FALSE,Dark,FALSE,TRUE,21,FALSE
Steenbok,NPR2,28-Dec-17,5:05:14,Ok,FALSE,Shade,FALSE,TRUE,15,FALSE
Steenbok,NPR2,02-Jan-18,21:33:08,Dark,FALSE,Dark,FALSE,TRUE,16,FALSE
Steenbok,NPR2,31-Jan-18,19:30:42,Dark,FALSE,Shade,FALSE,TRUE,17,FALSE
Steenbok,NPR2,12-Feb-18,22:29:59,Dark,FALSE,Dark,FALSE,TRUE,17,FALSE
Steenbok,NPR2,05-Mar-18,19:11:20,Dark,FALSE,Dark,FALSE,TRUE,22,FALSE
Steenbok,NPR2,29-Mar-18,17:13:54,Ok,FALSE,Shade,FALSE,TRUE,21,FALSE
Steenbok,NPR2,31-Mar-18,9:15:02,Ok,FALSE,Shade,FALSE,TRUE,16,FALSE
Steenbok,NPR2,31-Mar-18,22:08:12,Dark,FALSE,Dark,FALSE,TRUE,15,FALSE
Steenbok,NPR2,02-Apr-18,14:09:20,Ok,FALSE,Sunny,FALSE,TRUE,36,FALSE
Steenbok,NPR2,07-Apr-18,3:37:22,Dark,FALSE,Dark,FALSE,TRUE,8,FALSE
Steenbok,NPR2,15-Apr-18,9:10:28,Ok,FALSE,Sunny,FALSE,TRUE,13,FALSE
Steenbok,NPR2,02-May-18,8:11:03,Ok,FALSE,Shade,FALSE,TRUE,10,FALSE
Steenbok,NPR2,09-May-18,16:54:36,Dark,FALSE,Shade,FALSE,TRUE,17,FALSE
Steenbok,NPR2,13-May-18,8:57:15,Ok,FALSE,Shade,FALSE,TRUE,11,FALSE
Steenbok,NPR2,16-May-18,17:55:08,Dark,FALSE,Dark,FALSE,TRUE,16,FALSE
Steenbok,NPR2,19-May-18,17:14:23,Dark,FALSE,Dark,FALSE,TRUE,21,FALSE
Steenbok,NPR2,03-Jun-18,10:38:42,Ok,FALSE,Shade,FALSE,TRUE,10,FALSE
Steenbok,NPR2,03-Jun-18,13:17:19,Ok,FALSE,Shade,FALSE,TRUE,15,FALSE
Steenbok,NPR2,12-Jun-18,7:20:59,Dark,FALSE,Dark,FALSE,TRUE,10,FALSE
Steenbok,NPR2,20-Jun-18,7:40:44,Dark,FALSE,Shade,FALSE,TRUE,1,FALSE
